,values
2018-01-01,44.912521271291666
2018-01-02,40.325513468714995
2018-01-03,44.47967684667108
2018-01-04,43.99302376657112
2018-01-05,39.51602538427043
2018-01-06,39.50455489736549
2018-01-07,42.614316019557826
2018-01-08,40.50323078019219
2018-01-09,39.318767574718976
2018-01-10,40.558770686226005
2018-01-11,38.80824628714038
2018-01-12,41.24875729493039
2018-01-13,41.78777483019795
2018-01-14,41.33494022636907
2018-01-15,40.46382054812943
2018-01-16,38.2195001843737
2018-01-17,37.14556403485221
2018-01-18,39.658769488141516
2018-01-19,40.274781962213716
2018-01-20,39.91602568205334
2018-01-21,37.16998194757723
2018-01-22,38.72515505634463
2018-01-23,39.05449706468477
2018-01-24,37.61442550776002
2018-01-25,37.216448667034996
2018-01-26,37.9344682367573
2018-01-27,35.08966418221989
2018-01-28,37.290414319301966
2018-01-29,36.45369219037998
2018-01-30,35.31122368930668
2018-01-31,34.285068625046044
2018-02-01,36.96793516723451
2018-02-02,33.82013476735083
2018-02-03,34.556511513815245
2018-02-04,31.844077473126056
2018-02-05,32.85232224160312
2018-02-06,36.015504036015315
2018-02-07,31.184127964052994
2018-02-08,35.157606918880745
2018-02-09,32.75953384098121
2018-02-10,34.22551452300081
2018-02-11,30.38353637749916
2018-02-12,33.254059480724685
2018-02-13,34.63377975687113
2018-02-14,30.060665892684337
2018-02-15,30.986267100057013
2018-02-16,33.760013673039765
2018-02-17,30.466582432747497
2018-02-18,29.49980136052472
2018-02-19,32.09632175120838
2018-02-20,30.033899585931394
2018-02-21,31.6717088777986
2018-02-22,28.532008507139402
2018-02-23,28.84506124386321
2018-02-24,29.091296288437118
2018-02-25,32.71054981725456
2018-02-26,31.940646521326414
2018-02-27,30.781337022672158
2018-02-28,32.044612960920176
2018-03-01,31.449598948523494
2018-03-02,27.175664104278997
2018-03-03,31.279684126567695
2018-03-04,30.061691411868324
2018-03-05,26.97980869176076
2018-03-06,27.93348350484546
2018-03-07,29.75694386327868
2018-03-08,29.399026076634037
2018-03-09,29.512499573111096
2018-03-10,29.24413572887137
2018-03-11,26.303102390472226
2018-03-12,29.527284835837342
2018-03-13,26.613933715032665
2018-03-14,25.835149643460046
2018-03-15,29.790906673249093
2018-03-16,26.20087653268454
2018-03-17,29.212621279590635
2018-03-18,27.76024242950062
2018-03-19,27.948633537853343
2018-03-20,25.89335210244909
2018-03-21,30.169529096504206
2018-03-22,27.949853705232606
2018-03-23,28.699172539169933
2018-03-24,29.015573113061052
2018-03-25,29.576753128615824
2018-03-26,29.040484619850247
2018-03-27,28.939075155716644
2018-03-28,25.93141387003887
2018-03-29,27.165637395536763
2018-03-30,28.58939520857776
2018-03-31,26.775410548513634
2018-04-01,25.779036909132387
2018-04-02,27.78660588237247
2018-04-03,29.59081173408391
2018-04-04,29.079644231445073
2018-04-05,26.109513652048403
2018-04-06,27.730790428514172
2018-04-07,28.415169821770043
2018-04-08,26.365042259766795
2018-04-09,29.77433459651929
2018-04-10,26.458706838500028
2018-04-11,26.50588525318183
2018-04-12,26.599960536292908
2018-04-13,29.0580589656354
2018-04-14,26.281987266340554
2018-04-15,29.761945051087817
2018-04-16,29.07321355506106
2018-04-17,25.901231887644343
2018-04-18,28.806460299635706
2018-04-19,26.85750393139162
2018-04-20,29.817663126813738
2018-04-21,26.681416567206572
2018-04-22,30.450631974309925
2018-04-23,26.64638011341682
2018-04-24,28.28482066808758
2018-04-25,27.552223072609138
2018-04-26,30.09138399742716
2018-04-27,29.5203450159755
2018-04-28,27.11041508269265
2018-04-29,31.106786053673066
2018-04-30,30.49460809897977
2018-05-01,28.444460976299478
2018-05-02,28.04990195650063
2018-05-03,27.23664076229501
2018-05-04,32.16680840192379
2018-05-05,27.968560206552738
2018-05-06,32.40748866962024
2018-05-07,28.208488165816053
2018-05-08,28.325885027669983
2018-05-09,31.739644219165005
2018-05-10,29.694176857158407
2018-05-11,30.476824393760978
2018-05-12,30.59900386204169
2018-05-13,32.48922647520091
2018-05-14,29.89671872796104
2018-05-15,29.661939579796012
2018-05-16,30.991621087235842
2018-05-17,31.801562033224684
2018-05-18,29.58656174576947
2018-05-19,30.899127266889003
2018-05-20,30.791830827524254
2018-05-21,34.329920327531724
2018-05-22,34.25081271775246
2018-05-23,35.332836346020805
2018-05-24,31.907740486670846
2018-05-25,32.90601461999987
2018-05-26,35.39294087696602
2018-05-27,31.758418770212213
2018-05-28,36.386664195006674
2018-05-29,33.024255409687534
2018-05-30,32.247791866586475
2018-05-31,36.50594738584981
2018-06-01,37.28142701719487
2018-06-02,37.211784710567315
2018-06-03,36.554426101598025
2018-06-04,36.517091191779826
2018-06-05,37.5354002843998
2018-06-06,36.61650266730671
2018-06-07,36.26857056311447
2018-06-08,37.002930342868105
2018-06-09,37.65863793046967
2018-06-10,35.393586221864595
2018-06-11,38.95125394546113
2018-06-12,39.10269261972121
2018-06-13,35.83067841474716
2018-06-14,36.35098999821807
2018-06-15,40.51680078027748
2018-06-16,38.636482004985915
2018-06-17,38.40830234625056
2018-06-18,39.296216924399594
2018-06-19,41.57404592667601
2018-06-20,41.86599089381146
2018-06-21,39.31026799199516
2018-06-22,42.25268187097755
2018-06-23,42.036638071047314
2018-06-24,41.52486091197742
2018-06-25,39.47771638121756
2018-06-26,38.82906761609282
2018-06-27,40.96031059732505
2018-06-28,39.566184479355776
2018-06-29,41.37633504837632
2018-06-30,39.676734403166094
2018-07-01,41.184131256750874
2018-07-02,43.03993671351814
2018-07-03,41.08930446244452
2018-07-04,45.09432644195563
2018-07-05,45.687827418208336
2018-07-06,44.98421650183671
2018-07-07,45.76849276293286
2018-07-08,45.990909429432456
2018-07-09,44.62882099370312
2018-07-10,45.031240464855614
2018-07-11,43.41144531200373
2018-07-12,42.934326130706246
2018-07-13,46.56365136672248
2018-07-14,47.65598197932475
2018-07-15,44.68135427085726
2018-07-16,46.060219390826276
2018-07-17,48.028375594642355
2018-07-18,44.38267805622475
2018-07-19,44.5516710083722
2018-07-20,46.28767685655106
2018-07-21,46.23804082837918
2018-07-22,45.25911579406084
2018-07-23,47.36467017094071
2018-07-24,49.744638144227274
2018-07-25,47.82358569424339
2018-07-26,49.88868228868041
2018-07-27,48.40345895466482
2018-07-28,47.998646972280326
2018-07-29,50.416161441539266
2018-07-30,47.561582947935676
2018-07-31,51.11235467738272
2018-08-01,51.019062440312375
2018-08-02,49.74364173838727
2018-08-03,49.15174035067833
2018-08-04,53.04635756255351
2018-08-05,52.12834411976166
2018-08-06,49.04948834534079
2018-08-07,52.77207421405187
2018-08-08,52.99038874191239
2018-08-09,52.15951080668421
2018-08-10,49.746096967046796
2018-08-11,52.665199382884296
2018-08-12,51.82520898869929
2018-08-13,51.83989371786883
2018-08-14,52.99077236776761
2018-08-15,52.28470799397704
2018-08-16,53.3966291112643
2018-08-17,53.206272527696285
2018-08-18,51.473923933268026
2018-08-19,54.211758391302226
2018-08-20,51.23454671881767
2018-08-21,55.68971879209497
2018-08-22,53.43554105866579
2018-08-23,53.59328734769496
2018-08-24,52.50106391778705
2018-08-25,52.63644233564962
2018-08-26,52.683974690207926
2018-08-27,55.264707388135704
2018-08-28,55.21394853457211
2018-08-29,55.078286163487206
2018-08-30,55.284284627586835
2018-08-31,57.28838199768132
2018-09-01,57.515550825566635
2018-09-02,54.711954922850154
2018-09-03,56.350827576011305
2018-09-04,53.57791149190477
2018-09-05,54.38382828795074
2018-09-06,53.80258845050895
2018-09-07,56.56139368694885
2018-09-08,55.80715509399964
2018-09-09,58.19400543211196
2018-09-10,57.09613079317249
2018-09-11,55.366115821416294
2018-09-12,55.715493393279985
2018-09-13,58.18768785340394
2018-09-14,57.13531266608129
2018-09-15,55.244239622283864
2018-09-16,57.08997332536576
2018-09-17,55.84067619541826
2018-09-18,59.024249433948754
2018-09-19,56.723136171172285
2018-09-20,55.02484295374904
2018-09-21,54.803502873735184
2018-09-22,59.65087858176734
2018-09-23,59.10513706666909
2018-09-24,57.934177771892536
2018-09-25,57.39499798981262
2018-09-26,58.59902721363888
2018-09-27,57.19634018102611
2018-09-28,56.35758584132135
2018-09-29,56.76295903552017
2018-09-30,59.38589086078082
2018-10-01,58.1687655011841
2018-10-02,55.15875183682456
2018-10-03,58.49378192322473
2018-10-04,59.315322920783125
2018-10-05,56.72043604271135
2018-10-06,55.10418008884482
2018-10-07,56.751309205022004
2018-10-08,56.901063470842224
2018-10-09,56.69335493030256
2018-10-10,55.656519452976134
2018-10-11,55.550985163395715
2018-10-12,58.09678405527462
2018-10-13,55.74940450530721
2018-10-14,56.95619824395245
2018-10-15,56.33181294842115
2018-10-16,54.529570170641364
2018-10-17,58.04382696191699
2018-10-18,57.20692186377685
2018-10-19,57.28746165668119
2018-10-20,55.058018100995234
2018-10-21,57.89655909573071
2018-10-22,56.14075413408071
2018-10-23,58.3330762732071
2018-10-24,54.67793438422481
2018-10-25,57.88212576618362
2018-10-26,54.70489054170901
2018-10-27,57.295294300666804
2018-10-28,53.89858617813824
2018-10-29,56.07484669246671
2018-10-30,55.798465932082244
2018-10-31,57.55662258618456
2018-11-01,53.567815101138834
2018-11-02,56.78344628312897
2018-11-03,53.62630069112469
2018-11-04,57.18852305658629
2018-11-05,54.184476449439416
2018-11-06,56.37573006624734
2018-11-07,53.49884545664102
2018-11-08,52.260641527248836
2018-11-09,52.67047916611233
2018-11-10,54.76463074650634
2018-11-11,51.98082721156733
2018-11-12,51.62371258382219
2018-11-13,53.04590817790419
2018-11-14,55.79190013937931
2018-11-15,55.14301012075
2018-11-16,52.53643731214421
2018-11-17,51.479853606862136
2018-11-18,53.01770685464333
2018-11-19,51.104922750918746
2018-11-20,53.62015757313423
2018-11-21,52.739581973008185
2018-11-22,52.807051073617394
2018-11-23,52.41781497496386
2018-11-24,50.08348491625159
2018-11-25,49.05760580296367
2018-11-26,49.054889882518026
2018-11-27,51.78444884772579
2018-11-28,52.02774046529911
2018-11-29,49.30702886024335
2018-11-30,49.33541954220157
2018-12-01,48.87752539856228
2018-12-02,50.96841023420067
2018-12-03,49.906082303367896
2018-12-04,49.73724106960424
2018-12-05,47.05434925315638
2018-12-06,48.25138070398421
2018-12-07,51.0027580366105
2018-12-08,50.514056447420636
2018-12-09,48.681922814526054
2018-12-10,47.04263124732402
2018-12-11,47.14451363316961
2018-12-12,45.02625331213165
2018-12-13,48.79809362280342
2018-12-14,47.81611765510472
2018-12-15,47.87198327723639
2018-12-16,46.42688966399908
2018-12-17,48.005229267030515
2018-12-18,47.32633246293495
2018-12-19,45.323227323805824
2018-12-20,46.88553710569266
2018-12-21,43.48413937731286
2018-12-22,42.80964569578664
2018-12-23,44.21513014455032
2018-12-24,42.574840761168566
2018-12-25,44.01053908937744
2018-12-26,45.6811355640016
2018-12-27,43.776096108417725
2018-12-28,44.139307982274275
2018-12-29,42.850900023140774
2018-12-30,42.95099740096209
2018-12-31,44.353314595514654
2019-01-01,41.927556600232585
2019-01-02,43.80629033705074
2019-01-03,43.09186071172982
2019-01-04,41.763866128363794
2019-01-05,40.2950124173577
2019-01-06,43.34533482373245
2019-01-07,39.63025817253822
2019-01-08,42.149951643205746
2019-01-09,42.81142342419916
2019-01-10,41.53871528162897
2019-01-11,40.205720023390256
2019-01-12,39.27010857626835
2019-01-13,40.734098768167215
2019-01-14,40.327026025358435
2019-01-15,36.824315933367664
2019-01-16,40.32179249017516
2019-01-17,36.13072754956489
2019-01-18,37.794012664122036
2019-01-19,38.2983553716634
2019-01-20,39.495233888613036
2019-01-21,35.61432745628128
2019-01-22,36.652164854962905
2019-01-23,36.92470306580616
2019-01-24,35.88481620479963
2019-01-25,37.51130127561591
2019-01-26,34.66074532179513
2019-01-27,34.53511087500838
2019-01-28,34.540024313506336
2019-01-29,34.899107276242596
2019-01-30,34.5572797654682
2019-01-31,33.395064581935046
2019-02-01,34.927311317799806
2019-02-02,34.26457975190759
2019-02-03,34.32066372738426
2019-02-04,34.50588255494502
2019-02-05,31.973422697367802
2019-02-06,35.82665124987064
2019-02-07,32.24059996809007
2019-02-08,32.64681946712966
2019-02-09,32.74163918281238
2019-02-10,34.17891233178565
2019-02-11,31.481941412662703
2019-02-12,34.989530738692395
2019-02-13,33.15788708256491
2019-02-14,32.55850765991527
2019-02-15,30.681116921302554
2019-02-16,31.496720878140906
2019-02-17,33.11454105318155
2019-02-18,28.99063732746382
2019-02-19,31.697516886036475
2019-02-20,28.766994670433732
2019-02-21,30.79585686599093
2019-02-22,28.3907627883817
2019-02-23,31.945885073901028
2019-02-24,29.60428065177584
2019-02-25,32.280655189344046
2019-02-26,30.021565398879602
2019-02-27,30.916501612156203
2019-02-28,29.918867349518806
2019-03-01,28.8852166302997
2019-03-02,27.243496273851708
2019-03-03,30.224349859303985
2019-03-04,31.736673919779616
2019-03-05,28.71913024511791
2019-03-06,27.548401404107093
2019-03-07,29.96157133723789
2019-03-08,26.489270053173957
2019-03-09,26.90444955720797
2019-03-10,30.00204873019901
2019-03-11,28.069768084990432
2019-03-12,27.421992204393785
2019-03-13,29.985705817260545
2019-03-14,27.558435914226788
2019-03-15,26.409150836876364
2019-03-16,28.352280618062412
2019-03-17,28.78620929038362
2019-03-18,26.293375926183437
2019-03-19,30.369251361879538
2019-03-20,28.124902056415216
2019-03-21,29.621858595742424
2019-03-22,28.651936859275757
2019-03-23,27.532349818937174
2019-03-24,29.504681311286156
2019-03-25,28.705147694007003
2019-03-26,27.409995675786572
2019-03-27,25.98196879875607
2019-03-28,29.986049498540588
2019-03-29,25.70500289656643
2019-03-30,26.695861819387112
2019-03-31,27.867435023736054
2019-04-01,28.3614447227373
2019-04-02,28.53342170126811
2019-04-03,26.47794802888774
2019-04-04,26.720471962787872
2019-04-05,28.090671185167402
2019-04-06,27.17363841329921
2019-04-07,28.298716649153768
2019-04-08,29.383463072661996
2019-04-09,28.076332288342858
2019-04-10,27.40222603342477
2019-04-11,26.290686819727433
2019-04-12,29.9652881670698
2019-04-13,29.165329707702615
2019-04-14,29.258835023630173
2019-04-15,26.876621949512856
2019-04-16,26.52859521608501
2019-04-17,25.949066048584765
2019-04-18,29.82911655483131
2019-04-19,30.263897176732453
2019-04-20,26.139640253518156
2019-04-21,26.80134801036095
2019-04-22,25.954740537190077
2019-04-23,26.161740333312206
2019-04-24,30.547908415377734
2019-04-25,30.372069353654208
2019-04-26,27.866956959291524
2019-04-27,28.545749285192542
2019-04-28,26.741800211398964
2019-04-29,31.15186388849535
2019-04-30,28.19156248710683
2019-05-01,27.997169772212878
2019-05-02,31.666785742870346
2019-05-03,30.564125189899006
2019-05-04,30.8739163827589
2019-05-05,28.242419775886997
2019-05-06,30.718330354724348
2019-05-07,28.9124803632363
2019-05-08,32.625085737657976
2019-05-09,32.56492965799241
2019-05-10,33.01265055348265
2019-05-11,29.959021479105836
2019-05-12,28.65884205368784
2019-05-13,28.905497149693122
2019-05-14,30.446867035570165
2019-05-15,29.095787078879315
2019-05-16,32.23697038476496
2019-05-17,32.85825984689641
2019-05-18,29.556140725811925
2019-05-19,33.520743869208566
2019-05-20,33.46217298137223
2019-05-21,31.657239983859643
2019-05-22,32.41720884435765
2019-05-23,30.9264606558961
2019-05-24,32.169131489957195
2019-05-25,33.85000636611712
2019-05-26,34.67322300733968
2019-05-27,32.696479945518
2019-05-28,34.97729172376679
2019-05-29,33.76383676960696
2019-05-30,34.23353585445526
2019-05-31,35.58604125372173
2019-06-01,34.36669421469492
2019-06-02,33.42678802393441
2019-06-03,37.05692415379306
2019-06-04,35.92579895883755
2019-06-05,33.3434610178428
2019-06-06,35.588162682797915
2019-06-07,34.10677542653231
2019-06-08,34.13533088450642
2019-06-09,35.93025447436347
2019-06-10,39.095507260449445
2019-06-11,38.58285626033056
2019-06-12,35.043431517169914
2019-06-13,37.05114694887574
2019-06-14,38.226529763421034
2019-06-15,40.44295280921991
2019-06-16,40.86591405074872
2019-06-17,39.9912676951904
2019-06-18,37.09882946445148
2019-06-19,40.21394241352186
2019-06-20,38.478921605803514
2019-06-21,39.64658463463286
2019-06-22,39.4590783657152
2019-06-23,42.364348100293924
2019-06-24,41.28534968962321
2019-06-25,39.191855852697444
2019-06-26,41.650288905302986
2019-06-27,40.076075304036344
2019-06-28,42.524187573825905
2019-06-29,40.19290810097461
2019-06-30,42.06099339347254
2019-07-01,42.23655128287031
2019-07-02,43.596017633532185
2019-07-03,44.80338940584196
2019-07-04,42.38613213934574
2019-07-05,43.637255715616675
2019-07-06,45.061333863302636
2019-07-07,45.96873146301378
2019-07-08,42.75038789225987
2019-07-09,45.15489040282339
2019-07-10,45.24426282962914
2019-07-11,43.357649110674295
2019-07-12,43.64835272708893
2019-07-13,47.23702080645955
2019-07-14,44.94271802846012
2019-07-15,47.61029776148089
2019-07-16,47.970860398740385
2019-07-17,45.90128571908196
2019-07-18,46.14715907801665
2019-07-19,45.94066455155047
2019-07-20,44.82182936947761
2019-07-21,47.3066438252755
2019-07-22,48.31638960680859
2019-07-23,46.93155782787231
2019-07-24,49.34174728212578
2019-07-25,50.65442160478359
2019-07-26,46.35164053324316
2019-07-27,49.23284116790174
2019-07-28,48.30234081115126
2019-07-29,48.88243745737286
2019-07-30,47.871965703316604
2019-07-31,49.89962501260636
2019-08-01,51.68732415560776
2019-08-02,47.74091699015547
2019-08-03,49.18217515293458
2019-08-04,52.181495310280404
2019-08-05,51.020824400275124
2019-08-06,49.89760636826922
2019-08-07,53.12478211699577
2019-08-08,53.83297818218077
2019-08-09,50.08105265930041
2019-08-10,50.639297205888695
2019-08-11,53.32093110318102
2019-08-12,53.70298222704595
2019-08-13,52.00406634799725
2019-08-14,53.14241568135159
2019-08-15,54.285494048135895
2019-08-16,55.0230867935578
2019-08-17,55.21903678134861
2019-08-18,55.82080417922681
2019-08-19,54.61710429869494
2019-08-20,51.58665939749922
2019-08-21,55.86040167813216
2019-08-22,53.99801294447056
2019-08-23,55.19656709201513
2019-08-24,54.63119755820174
2019-08-25,54.18283778351789
2019-08-26,55.934668487178826
2019-08-27,55.19577639973185
2019-08-28,54.31208471887056
2019-08-29,54.116862018699436
2019-08-30,56.155598432225375
2019-08-31,55.989371289194615
2019-09-01,56.92048644801761
2019-09-02,53.574635601965674
2019-09-03,55.52157240338879
2019-09-04,53.933647508590674
2019-09-05,57.52234931213637
2019-09-06,57.78063883422824
2019-09-07,54.417285964559426
2019-09-08,54.31664058462553
2019-09-09,55.48180625558322
2019-09-10,57.10499987532338
2019-09-11,58.29767160622631
2019-09-12,58.56955223015247
2019-09-13,56.23236321061532
2019-09-14,54.56011430175356
2019-09-15,57.62450642854546
2019-09-16,57.035843846641164
2019-09-17,56.94660104928453
2019-09-18,55.60080355551999
2019-09-19,57.64733038225727
2019-09-20,58.895766393093986
2019-09-21,57.320879049254415
2019-09-22,59.77579516419781
2019-09-23,55.80804827125707
2019-09-24,56.53379199393536
2019-09-25,56.4523682694404
2019-09-26,57.447930678790634
2019-09-27,55.25698731064712
2019-09-28,56.64323644769202
2019-09-29,57.94699797698836
2019-09-30,58.2598466234829
2019-10-01,58.63697929963484
2019-10-02,57.61314490978555
2019-10-03,58.13091727893144
2019-10-04,55.47577809770541
2019-10-05,55.74921709426215
2019-10-06,56.34254859685574
2019-10-07,55.16619405717507
2019-10-08,55.59315998873099
2019-10-09,59.197823821622265
2019-10-10,57.96947174992588
2019-10-11,59.36015353165626
2019-10-12,58.746884830217276
2019-10-13,57.618458474399176
2019-10-14,58.90506050458947
2019-10-15,58.91424925654952
2019-10-16,54.73119758378582
2019-10-17,54.93588463836549
2019-10-18,55.94008225874489
2019-10-19,55.23533455093469
2019-10-20,56.81461311844508
2019-10-21,57.18977015403998
2019-10-22,57.734141045191095
2019-10-23,57.1466641018396
2019-10-24,54.156931538860576
2019-10-25,56.550021735700675
2019-10-26,58.316297979613445
2019-10-27,54.920218337964364
2019-10-28,55.45271955427851
2019-10-29,53.95339923088642
2019-10-30,57.0207264631096
2019-10-31,54.683911247737605
2019-11-01,55.40107955641675
2019-11-02,52.81366306394626
2019-11-03,57.5748801922348
2019-11-04,56.476520970715654
2019-11-05,54.03902622441774
2019-11-06,53.45074062861579
2019-11-07,54.44011237752441
2019-11-08,56.32016552402161
2019-11-09,52.17451987356279
2019-11-10,54.62725970991102
2019-11-11,55.554075960997054
2019-11-12,53.21919785563855
2019-11-13,52.57906781549549
2019-11-14,52.35361248452752
2019-11-15,55.540117424918606
2019-11-16,53.67342519570873
2019-11-17,52.64946175698807
2019-11-18,53.060082162717656
2019-11-19,51.40139861028233
2019-11-20,51.54644378048967
2019-11-21,53.943123247286444
2019-11-22,50.87371186206082
2019-11-23,50.85572504325789
2019-11-24,53.90453327017126
2019-11-25,49.3531000588033
2019-11-26,48.994246560627936
2019-11-27,50.16569513257769
2019-11-28,49.51750615769003
2019-11-29,52.19005320535685
2019-11-30,51.00014156443125
2019-12-01,47.87289873774086
2019-12-02,51.0923870395658
2019-12-03,51.07429377554169
2019-12-04,49.772998163702496
2019-12-05,48.03271155258199
2019-12-06,46.36378215040599
2019-12-07,48.940244518770385
2019-12-08,46.79419555373681
2019-12-09,45.58906214694352
2019-12-10,45.553861979852776
2019-12-11,46.42786687604109
2019-12-12,48.60270493287162
2019-12-13,48.915035361922605
2019-12-14,45.97065336099237
2019-12-15,45.67443450854855
2019-12-16,48.48536860992621
2019-12-17,48.32390662130286
2019-12-18,45.78825425168555
2019-12-19,46.54333441688626
2019-12-20,47.50012275356387
2019-12-21,46.69845068078853
2019-12-22,46.270515107060795
2019-12-23,43.148099708973575
2019-12-24,44.79241408954939
2019-12-25,42.29709921494708
2019-12-26,42.82008751830905
2019-12-27,45.4848095372883
2019-12-28,44.97747573606703
2019-12-29,41.13113091250053
2019-12-30,41.47169013682529
2019-12-31,41.77673148941623
2020-01-01,43.88274858806341
2020-01-02,43.24029388390385
2020-01-03,44.401127352547704
2020-01-04,39.76507751487922
2020-01-05,39.41632057079067
2020-01-06,41.40907080082431
2020-01-07,43.13941730737408
2020-01-08,42.04792509302842
2020-01-09,42.49626992549201
2020-01-10,40.23076827164597
2020-01-11,42.0671925377879
2020-01-12,38.253044272258215
2020-01-13,40.74769778227175
2020-01-14,40.12149751371614
2020-01-15,36.61802022963197
2020-01-16,38.24047834570023
2020-01-17,36.471829662054716
2020-01-18,38.34335630899367
2020-01-19,39.97953244337817
2020-01-20,38.39968238165343
2020-01-21,37.15787484246633
2020-01-22,37.68120686385998
2020-01-23,35.69645825035324
2020-01-24,34.933866585021285
2020-01-25,34.64147250436957
2020-01-26,36.3564095983707
2020-01-27,37.110390884822245
2020-01-28,34.897694398800965
2020-01-29,34.83346646044451
2020-01-30,35.68744375926127
2020-01-31,32.726599697235386
2020-02-01,33.81988935372307
2020-02-02,36.79189754299112
2020-02-03,36.21645622155857
2020-02-04,32.50285972905335
2020-02-05,32.70341654900367
2020-02-06,35.42685082808046
2020-02-07,32.69218989854604
2020-02-08,32.128901443895764
2020-02-09,34.935348739012795
2020-02-10,33.884579777046106
2020-02-11,34.84438999415224
2020-02-12,32.40347356751495
2020-02-13,32.57071651008035
2020-02-14,33.32239094262429
2020-02-15,31.436110705728105
2020-02-16,30.789732209118647
2020-02-17,33.39150511005252
2020-02-18,31.370751110662184
2020-02-19,30.84102279419188
2020-02-20,32.06403690729327
2020-02-21,30.98317998746251
2020-02-22,30.776864531260383
2020-02-23,32.62011232297329
2020-02-24,30.738734160425537
2020-02-25,30.019762754164514
2020-02-26,32.185495374843384
2020-02-27,31.363230900308597
2020-02-28,31.41275475970403
2020-02-29,28.1660527324364
2020-03-01,29.223178895416265
2020-03-02,29.889914616410028
2020-03-03,28.317852812040115
2020-03-04,29.92298772170101
2020-03-05,30.702672173316195
2020-03-06,28.87427588112072
2020-03-07,30.781015649911655
2020-03-08,27.801027234556386
2020-03-09,29.366581641904766
2020-03-10,29.96491056840158
2020-03-11,29.594043522537916
2020-03-12,29.758394693713818
2020-03-13,30.770140626167393
2020-03-14,26.946807973912314
2020-03-15,29.549668243462488
2020-03-16,27.617971908267272
2020-03-17,28.697425314258926
2020-03-18,28.474352370210735
2020-03-19,27.257242338663215
2020-03-20,29.601204272876934
2020-03-21,28.49743098067087
2020-03-22,25.71842406761046
2020-03-23,30.13337543728113
2020-03-24,29.596854650339985
2020-03-25,27.056558006846306
2020-03-26,27.528058620663607
2020-03-27,26.794292431415553
2020-03-28,29.467912448422624
2020-03-29,29.527257949620957
2020-03-30,29.70708689158262
2020-03-31,27.298462350634857
2020-04-01,27.549697863133765
2020-04-02,26.73498667438282
2020-04-03,27.24778678942349
2020-04-04,25.978533481113114
2020-04-05,26.91347409797977
2020-04-06,25.180373504619514
2020-04-07,26.039989964661686
2020-04-08,28.252348007464974
2020-04-09,26.047053820693783
2020-04-10,27.375770275702024
2020-04-11,27.741984903359626
2020-04-12,27.54353848469232
2020-04-13,29.866563509797885
2020-04-14,27.653239846158478
2020-04-15,25.60300986828001
2020-04-16,28.736837641736738
2020-04-17,27.032546845953693
2020-04-18,29.50314086917284
2020-04-19,30.526141180945842
2020-04-20,26.026170111262438
2020-04-21,28.325227927364203
2020-04-22,27.022982752925177
2020-04-23,26.74231421158604
2020-04-24,26.71136523781232
2020-04-25,29.473130330987544
2020-04-26,29.152242359736704
2020-04-27,30.84006856174385
2020-04-28,30.469307999120055
2020-04-29,26.976023794778403
2020-04-30,30.975158693810695
2020-05-01,30.693720283526986
2020-05-02,28.912493363417244
2020-05-03,31.093536736363994
2020-05-04,31.24886046400463
2020-05-05,30.732538825158954
2020-05-06,31.131452837800477
2020-05-07,31.290896230785464
2020-05-08,29.37709855852259
2020-05-09,31.11226852387439
2020-05-10,30.39767248004576
2020-05-11,28.84876412049504
2020-05-12,29.775952497238094
2020-05-13,28.795238484003445
2020-05-14,31.674426033971113
2020-05-15,33.29958707324774
2020-05-16,31.816515776084692
2020-05-17,31.845752919626875
2020-05-18,32.175319171310235
2020-05-19,34.20565738629483
2020-05-20,32.56335956679211
2020-05-21,35.22338028994976
2020-05-22,31.299648012141372
2020-05-23,33.32188714865369
2020-05-24,34.808615206875366
2020-05-25,36.05620573985038
2020-05-26,32.58197621431259
2020-05-27,32.44561002227731
2020-05-28,35.490231591787804
2020-05-29,32.67028345766287
2020-05-30,36.2965362629041
2020-05-31,35.46305020599693
2020-06-01,33.488545009480355
2020-06-02,35.25839643270774
2020-06-03,36.83591072740745
2020-06-04,35.80261333201975
2020-06-05,37.62695448190905
2020-06-06,38.012453754354226
2020-06-07,38.27217453909197
2020-06-08,37.668606969783475
2020-06-09,37.93135311145997
2020-06-10,38.920643927384845
2020-06-11,39.8437057380717
2020-06-12,39.60766935750243
2020-06-13,36.22051393173127
2020-06-14,37.57009034302201
2020-06-15,38.38664355387356
2020-06-16,37.05954129978154
2020-06-17,40.619078950580274
2020-06-18,41.63258065404239
2020-06-19,41.11569657315644
2020-06-20,37.64988988641021
2020-06-21,41.46651963479281
2020-06-22,40.366470097333895
2020-06-23,41.535475038400925
2020-06-24,39.594640240777764
2020-06-25,42.61623345086413
2020-06-26,39.46247714890665
2020-06-27,40.67580931410208
2020-06-28,40.27563087364244
2020-06-29,44.16620641851055
2020-06-30,43.832118493221685
2020-07-01,41.537197022170204
2020-07-02,45.146128435152804
2020-07-03,43.2396285800489
2020-07-04,44.02630895406172
2020-07-05,41.9714505494491
2020-07-06,45.520905309235566
2020-07-07,42.86887682896804
2020-07-08,46.79116423973928
2020-07-09,45.63839296319639
2020-07-10,45.86715382794875
2020-07-11,44.979427178686805
2020-07-12,46.42009711199924
2020-07-13,47.594119881408766
2020-07-14,46.21690515825179
2020-07-15,46.314607026930865
2020-07-16,46.742010974923474
2020-07-17,48.096722866507584
2020-07-18,48.8296256860592
2020-07-19,49.42009542393855
2020-07-20,47.65808019068894
2020-07-21,47.033242169017186
2020-07-22,48.98485558336465
2020-07-23,49.378310672158314
2020-07-24,46.038457099957604
2020-07-25,49.893765032423694
2020-07-26,46.7395854166644
2020-07-27,50.72720246699381
2020-07-28,47.622427390795956
2020-07-29,47.0051764877402
2020-07-30,49.90516790863929
2020-07-31,51.17719653879287
2020-08-01,51.3218500920856
2020-08-02,48.48934440014443
2020-08-03,51.446181320600964
2020-08-04,49.22911341211263
2020-08-05,51.21935806092298
2020-08-06,52.726641963548566
2020-08-07,53.17686806964785
2020-08-08,50.43294577493795
2020-08-09,50.149440782520955
2020-08-10,50.71355688368603
2020-08-11,53.61903038315018
2020-08-12,51.34811952904211
2020-08-13,53.32050779101276
2020-08-14,51.60299473723191
2020-08-15,53.68611064976932
2020-08-16,55.22500514519511
2020-08-17,51.92529465090364
2020-08-18,55.09184389296288
2020-08-19,56.130235465974486
2020-08-20,54.14467911973909
2020-08-21,53.740446795015984
2020-08-22,53.71116417889057
2020-08-23,55.62504864624619
2020-08-24,55.68230604397728
2020-08-25,52.3503764086917
2020-08-26,57.15447016011768
2020-08-27,55.956378558699015
2020-08-28,55.88593957633228
2020-08-29,56.99628553692234
2020-08-30,57.68752152072718
2020-08-31,56.746110609644774
2020-09-01,53.30370771948102
2020-09-02,53.917245163881546
2020-09-03,56.35557967472426
2020-09-04,57.65500727522619
2020-09-05,58.20151259805242
2020-09-06,57.30113695942114
2020-09-07,57.708110536650594
2020-09-08,57.54232273669798
2020-09-09,57.721959083926826
2020-09-10,57.646700774267885
2020-09-11,57.425451389692554
2020-09-12,58.6198360205841
2020-09-13,56.991162586353944
2020-09-14,57.59885969449652
2020-09-15,56.68372433360691
2020-09-16,55.75060572714862
2020-09-17,54.90807420682093
2020-09-18,58.139166346937834
2020-09-19,56.742278348684046
2020-09-20,57.30999974174683
2020-09-21,55.04498317485269
2020-09-22,56.38991800498525
2020-09-23,56.192664047448346
2020-09-24,58.73622725505302
2020-09-25,59.52851644274863
2020-09-26,59.07453593912911
2020-09-27,59.7677645327709
2020-09-28,59.16199022072959
2020-09-29,56.45005403288102
2020-09-30,58.488315722998315
2020-10-01,58.114310923936664
2020-10-02,57.87510092740749
2020-10-03,55.79547688112638
2020-10-04,57.78884504708703
2020-10-05,55.37323388488688
2020-10-06,59.12493193740735
2020-10-07,58.22874916704721
2020-10-08,58.565176747741624
2020-10-09,57.84108119757124
2020-10-10,57.71222439574962
2020-10-11,58.120189379885666
2020-10-12,58.85462763687167
2020-10-13,56.8577739359937
2020-10-14,58.718016464538245
2020-10-15,58.989144722605474
2020-10-16,56.18060081637242
2020-10-17,59.219134435714714
2020-10-18,54.47889644368215
2020-10-19,55.598433745704206
2020-10-20,58.50424869133479
2020-10-21,54.25034538094363
2020-10-22,56.06996428448806
2020-10-23,54.116573182176495
2020-10-24,56.65695444045896
2020-10-25,54.729835975466905
2020-10-26,53.80051734455838
2020-10-27,55.4196270129682
2020-10-28,56.630005128098404
2020-10-29,57.02807325054092
2020-10-30,53.78361897557872
2020-10-31,53.59313191031352
2020-11-01,56.30413391079094
2020-11-02,53.4233332650696
2020-11-03,56.53433745372145
2020-11-04,52.54247272145327
2020-11-05,55.79719398718654
2020-11-06,54.52360809441276
2020-11-07,52.81597340780405
2020-11-08,55.79591389490805
2020-11-09,56.09746832229943
2020-11-10,53.47541810776129
2020-11-11,55.22748236096703
2020-11-12,53.56743033517434
2020-11-13,52.23877974128707
2020-11-14,51.481317160360014
2020-11-15,51.33058660903994
2020-11-16,51.91909996253533
2020-11-17,53.60861729465412
2020-11-18,53.90048305357475
2020-11-19,49.99361101151421
2020-11-20,51.35260838439228
2020-11-21,49.658281974839035
2020-11-22,50.62561645347447
2020-11-23,49.71545548373004
2020-11-24,53.6237705687142
2020-11-25,53.20023347918079
2020-11-26,49.77658572997396
2020-11-27,52.58557041920638
2020-11-28,52.06714780907175
2020-11-29,48.45191455791948
2020-11-30,51.78819000810794
2020-12-01,48.021260389540686
2020-12-02,50.44330462981198
2020-12-03,47.01314910004806
2020-12-04,47.24968117250465
2020-12-05,47.424950005187966
2020-12-06,50.59180746024687
2020-12-07,46.42851014670745
2020-12-08,49.01479679963793
2020-12-09,50.235320177254465
2020-12-10,47.01465434651729
2020-12-11,45.944175011333165
2020-12-12,45.37168379403345
2020-12-13,47.65004465044426
2020-12-14,48.363872958080904
2020-12-15,45.820459022718744
2020-12-16,48.280613606360994
2020-12-17,45.4323216640729
2020-12-18,46.3266853067361
2020-12-19,46.7280515243921
2020-12-20,44.74528300836964
2020-12-21,46.16236997050571
2020-12-22,44.914872052916564
2020-12-23,45.680494808206404
2020-12-24,42.15405203627135
2020-12-25,44.94883723484357
2020-12-26,44.369736257083446
2020-12-27,44.55356545501882
2020-12-28,44.039676668504214
2020-12-29,41.53364146751833
2020-12-30,44.760926238483954
2020-12-31,43.284225209485754
2021-01-01,44.675245712742694
2021-01-02,43.410076911513976
2021-01-03,40.66176966249019
2021-01-04,39.06988354176985
2021-01-05,42.64812009337838
2021-01-06,39.363082131099304
2021-01-07,38.85836015837048
2021-01-08,41.093894793418784
2021-01-09,38.93747152346338
2021-01-10,38.054431318679036
2021-01-11,41.3929344308132
2021-01-12,41.227281042881714
2021-01-13,41.38361902990674
2021-01-14,37.709714422018024
2021-01-15,40.567838512263535
2021-01-16,39.79378059495714
2021-01-17,37.08614332884952
2021-01-18,38.54672848977001
2021-01-19,39.28518865234271
2021-01-20,38.09077585630976
2021-01-21,37.04336286607803
2021-01-22,34.5269447063146
2021-01-23,39.14068249899587
2021-01-24,38.23785802901504
2021-01-25,38.39351287671872
2021-01-26,35.899360354334384
2021-01-27,37.22707527922124
2021-01-28,35.38444543521645
2021-01-29,37.78745507456198
2021-01-30,37.15344594795387
2021-01-31,34.79459660956919
2021-02-01,35.05519973293944
2021-02-02,36.792186161316444
2021-02-03,34.01194620087219
2021-02-04,36.014046898645404
2021-02-05,35.23877835972321
2021-02-06,33.488034111075805
2021-02-07,34.20567870845405
2021-02-08,31.05570569357392
2021-02-09,34.27313253077188
2021-02-10,35.17732565764723
2021-02-11,34.4394291658415
2021-02-12,33.5765428496687
2021-02-13,33.743742961748495
2021-02-14,34.427487356182475
2021-02-15,29.415604481625763
2021-02-16,29.272287957370793
2021-02-17,32.88349916189472
2021-02-18,33.689399899913845
2021-02-19,29.636281005197613
2021-02-20,32.65751151319966
2021-02-21,32.52131631072698
2021-02-22,31.046172518375098
2021-02-23,32.4458107639366
2021-02-24,31.69839226632345
2021-02-25,31.09595026522165
2021-02-26,29.5430598932201
2021-02-27,30.812062111351594
2021-02-28,30.022242724487427
2021-03-01,28.736235253495277
2021-03-02,28.820473212433953
2021-03-03,27.107055281175057
2021-03-04,28.700043929380875
2021-03-05,29.549231675954598
2021-03-06,27.67937202078522
2021-03-07,28.103058955146118
2021-03-08,30.0330965082858
2021-03-09,29.63509354803482
2021-03-10,28.581303685582856
2021-03-11,27.208411548381044
2021-03-12,26.47732818434091
2021-03-13,27.796164079512554
2021-03-14,30.603979888923107
2021-03-15,28.10916314688794
2021-03-16,29.045114682911578
2021-03-17,25.695059881588538
2021-03-18,26.015782212865275
2021-03-19,28.921331670343378
2021-03-20,28.654231328546803
2021-03-21,30.10518600634156
2021-03-22,27.53923455164788
2021-03-23,26.484178623556968
2021-03-24,25.29456636431105
2021-03-25,26.248432487984587
2021-03-26,28.516460826499046
2021-03-27,27.626691202455774
2021-03-28,25.083214117182393
2021-03-29,26.673318354454743
2021-03-30,27.97486512472966
2021-03-31,26.33922702459797
2021-04-01,29.168931904039443
2021-04-02,28.242029042693837
2021-04-03,26.725218665875175
2021-04-04,26.375882029075697
2021-04-05,27.774002369815296
2021-04-06,29.06255032842291
2021-04-07,27.316666443211048
2021-04-08,28.966747948317256
2021-04-09,28.85095683658903
2021-04-10,26.763728074613805
2021-04-11,27.704006400752803
2021-04-12,25.889976313577755
2021-04-13,26.714865754360076
2021-04-14,30.140713426587826
2021-04-15,29.87713655814944
2021-04-16,26.169511288620647
2021-04-17,29.020784914053145
2021-04-18,27.335501687028724
2021-04-19,30.219233559485907
2021-04-20,26.585262766383426
2021-04-21,27.507875163384785
2021-04-22,26.659889746428906
2021-04-23,27.864810334621204
2021-04-24,30.887286883292518
2021-04-25,27.013130395518573
2021-04-26,27.835120016492876
2021-04-27,28.42583286341061
2021-04-28,30.372756790196775
2021-04-29,29.168632996820133
2021-04-30,29.411460205551773
2021-05-01,30.97135355159772
2021-05-02,30.08170701776015
2021-05-03,28.309113374680795
2021-05-04,31.00517925596754
2021-05-05,30.402671361411265
2021-05-06,32.45326452573285
2021-05-07,32.7291579891656
2021-05-08,30.51052926867306
2021-05-09,29.666044346434713
2021-05-10,28.39920647979331
2021-05-11,29.125508139235478
2021-05-12,29.12676483162745
2021-05-13,29.227658633575825
2021-05-14,33.47174558981027
2021-05-15,33.80075029938905
2021-05-16,29.964553581097025
2021-05-17,31.4443664801504
2021-05-18,32.683885894052075
2021-05-19,30.221244493875496
2021-05-20,34.66841954891882
2021-05-21,33.25834164505483
2021-05-22,34.18122425511378
2021-05-23,33.57772749325308
2021-05-24,34.84751028155655
2021-05-25,31.963269185196918
2021-05-26,34.90501792084574
2021-05-27,35.48746805780961
2021-05-28,32.52799056873345
2021-05-29,32.62401452127108
2021-05-30,34.13708277822514
2021-05-31,35.12541449445946
2021-06-01,33.262483697721414
2021-06-02,36.09260168318149
2021-06-03,35.154126475269244
2021-06-04,36.731116209418026
2021-06-05,36.153019764892214
2021-06-06,36.385564810529885
2021-06-07,37.94843656414736
2021-06-08,35.117954873623404
2021-06-09,37.524417045420236
2021-06-10,37.5245608756502
2021-06-11,38.011921012775744
2021-06-12,35.46406768282131
2021-06-13,36.714416936011126
2021-06-14,37.030194518931125
2021-06-15,37.22151718857361
2021-06-16,36.17309758287758
2021-06-17,36.82823959366508
2021-06-18,39.63756177068581
2021-06-19,37.38099905179074
2021-06-20,39.173074054917976
2021-06-21,39.47649270960177
2021-06-22,41.54220829067649
2021-06-23,42.37712404268605
2021-06-24,38.213429490956464
2021-06-25,41.49042882238167
2021-06-26,41.57025611587271
2021-06-27,39.19706050179825
2021-06-28,41.25750140378754
2021-06-29,42.395190814931965
2021-06-30,43.6447740479237
2021-07-01,40.7888144986288
2021-07-02,41.52198171192442
2021-07-03,42.90670648717657
2021-07-04,43.68879185346569
2021-07-05,44.56108567617393
2021-07-06,43.75612745953301
2021-07-07,42.78810158889561
2021-07-08,45.50297366086079
2021-07-09,43.9255346569954
2021-07-10,44.23908853541465
2021-07-11,45.01326251492854
2021-07-12,46.0209879688809
2021-07-13,46.75909517559282
2021-07-14,45.204537392807744
2021-07-15,46.356941462561394
2021-07-16,46.4346188163031
2021-07-17,48.94274200485884
2021-07-18,46.06518786998308
2021-07-19,48.60016372892548
2021-07-20,46.96323416230508
2021-07-21,49.39570000443702
2021-07-22,48.55568304878451
2021-07-23,49.76772119233041
2021-07-24,48.34930839204251
2021-07-25,48.236503559150705
2021-07-26,49.399918027199256
2021-07-27,47.77418132913798
2021-07-28,47.12830195791294
2021-07-29,49.31730466372646
2021-07-30,49.94539718696218
2021-07-31,50.785661220976365
2021-08-01,51.91938797883576
2021-08-02,50.3349403698495
2021-08-03,51.76399078987603
2021-08-04,49.51819392511386
2021-08-05,53.27077678328463
2021-08-06,53.445462894673014
2021-08-07,52.406862865075176
2021-08-08,51.2382376087773
2021-08-09,52.148719424575134
2021-08-10,50.24529884648356
2021-08-11,52.41687890314779
2021-08-12,53.289979112901854
2021-08-13,51.35430471910678
2021-08-14,54.112374640771776
2021-08-15,54.60593700074562
2021-08-16,55.37870628604024
2021-08-17,51.07707655008835
2021-08-18,52.52454885497907
2021-08-19,52.919031586924255
2021-08-20,53.39404715376343
2021-08-21,54.64078406972939
2021-08-22,52.084703949825105
2021-08-23,54.01685998511936
2021-08-24,54.289904309619104
2021-08-25,53.28803519357506
2021-08-26,55.893831187186045
2021-08-27,56.84569196727204
2021-08-28,56.25027681879946
2021-08-29,55.67503531582042
2021-08-30,57.39321266295074
2021-08-31,55.84697757467552
2021-09-01,53.82990157777319
2021-09-02,55.25435726993885
2021-09-03,54.83128508297406
2021-09-04,54.004121170042964
2021-09-05,53.752104368419424
2021-09-06,53.89607146078379
2021-09-07,57.97641401261955
2021-09-08,54.1265911879697
2021-09-09,58.1929733441019
2021-09-10,58.64001221272304
2021-09-11,58.813312994096904
2021-09-12,57.1097375810189
2021-09-13,56.03664662498621
2021-09-14,55.82023041463256
2021-09-15,55.61477816693342
2021-09-16,54.94146383146515
2021-09-17,56.789462391095185
2021-09-18,57.59646918298072
2021-09-19,58.69011558030783
2021-09-20,57.911959263440224
2021-09-21,57.20624796920088
2021-09-22,57.489354140015614
2021-09-23,55.844328665294135
2021-09-24,56.58781774000715
2021-09-25,56.198367311134874
2021-09-26,57.830955136982396
2021-09-27,55.73951055982734
2021-09-28,58.73129088545282
2021-09-29,59.15283131335231
2021-09-30,56.5218564921648
2021-10-01,58.24563491010677
2021-10-02,55.53497166597648
2021-10-03,59.04797215892927
2021-10-04,57.114404276862416
2021-10-05,56.90291500253079
2021-10-06,57.70848908930601
2021-10-07,56.87584565047205
2021-10-08,55.154717769337445
2021-10-09,59.66353516440232
2021-10-10,56.59978745511787
2021-10-11,56.25698915090466
2021-10-12,54.77528820341191
2021-10-13,59.519751268798075
2021-10-14,55.41917672016191
2021-10-15,58.59143511203869
2021-10-16,58.903464811002976
2021-10-17,58.84224128066791
2021-10-18,56.41542540351429
2021-10-19,59.0700873728961
2021-10-20,57.26674875784292
2021-10-21,55.421498527169675
2021-10-22,54.75678674250783
2021-10-23,57.48206748502255
2021-10-24,56.73752774461169
2021-10-25,56.08394093316455
2021-10-26,56.14668324138527
2021-10-27,54.62743579475781
2021-10-28,53.375066158972075
2021-10-29,56.659737840875145
2021-10-30,53.411099840236055
2021-10-31,57.15741932936498
2021-11-01,55.97021152291525
2021-11-02,54.84641602567715
2021-11-03,54.308056634133536
2021-11-04,55.56560464675221
2021-11-05,55.36185813774166
2021-11-06,56.166982678819075
2021-11-07,55.86747455636279
2021-11-08,51.93021981444224
2021-11-09,53.86121901579489
2021-11-10,53.47401871218283
2021-11-11,51.39523553295796
2021-11-12,54.76358279650516
2021-11-13,51.35505276918793
2021-11-14,54.748007205455366
2021-11-15,54.37465756351589
2021-11-16,55.17148256968651
2021-11-17,52.17780508799871
2021-11-18,51.20247840245238
2021-11-19,52.539183082011824
2021-11-20,54.51087325307653
2021-11-21,52.18605386766372
2021-11-22,53.17800853214449
2021-11-23,52.08024553888253
2021-11-24,50.165809555933095
2021-11-25,49.47025318061321
2021-11-26,52.946307745687506
2021-11-27,49.75257110819042
2021-11-28,49.63744404654104
2021-11-29,48.72935460732717
2021-11-30,48.93024587057673
2021-12-01,49.75023426299715
2021-12-02,50.331653577651956
2021-12-03,48.243347643637364
2021-12-04,49.58899063626708
2021-12-05,49.95589846439455
2021-12-06,47.57415275586831
2021-12-07,46.43840973229017
2021-12-08,47.21681165200153
2021-12-09,45.737328237001805
2021-12-10,48.7563298993891
2021-12-11,45.156171442755046
2021-12-12,47.00412354170695
2021-12-13,49.23909689308036
2021-12-14,48.699448619668956
2021-12-15,48.20272584837974
2021-12-16,46.97425727215954
2021-12-17,45.198889522266086
2021-12-18,45.1694143610262
2021-12-19,46.31901587745021
2021-12-20,42.9981815086247
2021-12-21,47.30704396032458
2021-12-22,43.25545639448851
2021-12-23,45.341682380754484
2021-12-24,44.50302136055969
2021-12-25,43.709827053975985
2021-12-26,41.929060921139744
2021-12-27,42.73297479785466
2021-12-28,45.29389421648945
2021-12-29,43.636706532009754
2021-12-30,43.30676412331286
2021-12-31,43.833697781748896
2022-01-01,42.17552044771544
2022-01-02,41.593910236992876
2022-01-03,42.40346136284283
2022-01-04,41.875095253633546
2022-01-05,42.54203309053636
2022-01-06,40.9420487336714
2022-01-07,40.09709223171332
2022-01-08,38.30009523089051
2022-01-09,37.98848641888127
2022-01-10,37.834444148078454
2022-01-11,38.514612034584
2022-01-12,40.990910285912804
2022-01-13,38.530992979301786
2022-01-14,39.7443693006556
2022-01-15,38.33555796390777
2022-01-16,38.1938613736446
2022-01-17,39.31169803988409
2022-01-18,39.548494068767724
2022-01-19,40.10227064209797
2022-01-20,38.73182535089741
2022-01-21,35.19334108286746
2022-01-22,39.305344059673075
2022-01-23,36.542288819387565
2022-01-24,37.05009597954963
2022-01-25,37.22254472075722
2022-01-26,35.56236336679484
2022-01-27,36.78851310556145
2022-01-28,35.108051123195516
2022-01-29,35.088279207481385
2022-01-30,37.13154479341919
2022-01-31,33.61121116016062
2022-02-01,36.872695249280085
2022-02-02,36.321281332282496
2022-02-03,32.489797472981394
2022-02-04,35.09505394671783
2022-02-05,33.25313176467255
2022-02-06,35.81602133395188
2022-02-07,34.36602278822251
2022-02-08,35.07301788885541
2022-02-09,34.463848578203745
2022-02-10,34.86283955376265
2022-02-11,31.283850083763074
2022-02-12,33.5580946849918
2022-02-13,31.907606035463655
2022-02-14,32.45161002847672
2022-02-15,33.82107375652993
2022-02-16,31.41419510613845
2022-02-17,32.403735870854966
2022-02-18,32.85513497989468
2022-02-19,31.41450096191455
2022-02-20,30.94211620404473
2022-02-21,29.8844918424123
2022-02-22,30.236373490418792
2022-02-23,29.06331927403825
2022-02-24,29.801656082913315
2022-02-25,28.41879896021233
2022-02-26,28.411643171636385
2022-02-27,28.372458587121905
2022-02-28,29.873364507266928
2022-03-01,27.24557538042002
2022-03-02,30.365290444426176
2022-03-03,28.233279487470593
2022-03-04,31.668084986791342
2022-03-05,27.60043696391558
2022-03-06,26.7229534206314
2022-03-07,27.772453058402547
2022-03-08,27.099493772622896
2022-03-09,31.118284825572765
2022-03-10,29.738081495235207
2022-03-11,27.70286509149009
2022-03-12,26.808672890522768
2022-03-13,27.547106414910235
2022-03-14,28.940796484340172
2022-03-15,29.27268476184043
2022-03-16,25.946746374591985
2022-03-17,28.96976564274975
2022-03-18,27.84229016930244
2022-03-19,27.13581838605449
2022-03-20,26.233462902651162
2022-03-21,28.202341282191167
2022-03-22,25.420272577561956
2022-03-23,25.9295548407911
2022-03-24,26.505121349689386
2022-03-25,27.420565431103107
2022-03-26,29.198343248711218
2022-03-27,25.262417667736372
2022-03-28,30.026265420941684
2022-03-29,25.696198073179048
2022-03-30,28.649745749206414
2022-03-31,26.922978110004582
2022-04-01,29.741975783743914
2022-04-02,28.89432949000662
2022-04-03,27.044634305179486
2022-04-04,26.796057304668306
2022-04-05,27.42579896360083
2022-04-06,28.229270144186454
2022-04-07,29.639177630670375
2022-04-08,27.799737231701087
2022-04-09,29.916941524462928
2022-04-10,29.315464049340665
2022-04-11,27.30092933326501
2022-04-12,27.014028740330698
2022-04-13,26.782907370577806
2022-04-14,26.61760854348852
2022-04-15,25.58299455804302
2022-04-16,28.105124663952836
2022-04-17,28.185108957718164
2022-04-18,28.54925787674735
2022-04-19,28.69545909807053
2022-04-20,26.63380151405628
2022-04-21,30.18144718729062
2022-04-22,30.95163496911635
2022-04-23,29.252295517097927
2022-04-24,28.140588397948154
2022-04-25,30.602648484391676
2022-04-26,29.845862077694544
2022-04-27,26.597909811405206
2022-04-28,27.93502294011318
2022-04-29,30.093175292162023
2022-04-30,31.32253772094919
2022-05-01,27.340746121620295
2022-05-02,29.232581411820284
2022-05-03,29.15355003346602
2022-05-04,32.10413281840692
2022-05-05,30.376735124519673
2022-05-06,28.776217566986496
2022-05-07,31.857018569359074
2022-05-08,31.354643490371505
2022-05-09,32.57529307188319
2022-05-10,30.067247281933376
2022-05-11,29.283047984961012
2022-05-12,30.340628291303872
2022-05-13,32.89294811435548
2022-05-14,31.825613423112735
2022-05-15,30.197175860779872
2022-05-16,30.324405348384538
2022-05-17,34.18267694920609
2022-05-18,31.547966818611464
2022-05-19,32.14957163480329
2022-05-20,30.545214977943637
2022-05-21,31.053569352108994
2022-05-22,30.785073640889834
2022-05-23,32.51506498484277
2022-05-24,33.06141101059468
2022-05-25,33.17077582555577
2022-05-26,32.55900699540384
2022-05-27,33.544716423467314
2022-05-28,33.14389130756794
2022-05-29,36.389388045981946
2022-05-30,34.55743372494386
2022-05-31,34.71353007166217
2022-06-01,33.243168348758154
2022-06-02,33.39834402136735
2022-06-03,37.036468821621035
2022-06-04,36.246629879000956
2022-06-05,33.95724254328177
2022-06-06,35.78201984754818
2022-06-07,36.20915454191906
2022-06-08,34.66623124545201
2022-06-09,38.98808718949953
2022-06-10,38.2879673581301
2022-06-11,34.93210449048143
2022-06-12,35.79947546212425
2022-06-13,37.41730982308723
2022-06-14,35.81438787332724
2022-06-15,40.81942548606679
2022-06-16,37.876318583071466
2022-06-17,41.36358885525184
2022-06-18,41.22302527232803
2022-06-19,39.08186198415453
2022-06-20,41.83781723662628
2022-06-21,39.39887125463597
2022-06-22,41.584028342536975
2022-06-23,39.77338072032426
2022-06-24,39.04738815523625
2022-06-25,41.545759117760916
2022-06-26,39.03856398837717
2022-06-27,41.06256209265072
2022-06-28,41.91198360504968
2022-06-29,44.46926665056548
2022-06-30,39.90466963874067
2022-07-01,43.53196068170551
2022-07-02,40.959760273895945
2022-07-03,42.22043989358022
2022-07-04,41.967256786188635
2022-07-05,45.434255069106044
2022-07-06,41.52097599930036
2022-07-07,41.87598245817009
2022-07-08,43.948569989815844
2022-07-09,42.87705328790071
2022-07-10,43.19648141841053
2022-07-11,45.131909448205384
2022-07-12,43.494236133931274
2022-07-13,47.51823591722444
2022-07-14,43.77690033604371
2022-07-15,46.090798330804354
2022-07-16,46.98370779825544
2022-07-17,45.55128366912301
2022-07-18,45.13525936091527
2022-07-19,49.34032634773677
2022-07-20,45.60262553321774
2022-07-21,46.91914990917318
2022-07-22,49.74703065165679
2022-07-23,46.04661296804308
2022-07-24,50.403740142919354
2022-07-25,46.93629026031866
2022-07-26,51.144157529270856
2022-07-27,48.5576124884492
2022-07-28,49.381748671417654
2022-07-29,48.56125350251704
2022-07-30,49.248381784527545
2022-07-31,48.32333776676085
2022-08-01,48.85562507746325
2022-08-02,51.819460190297846
2022-08-03,52.738889833297215
2022-08-04,49.62985745428654
2022-08-05,49.661301522716556
2022-08-06,52.6749786925941
2022-08-07,53.7081090554827
2022-08-08,54.019878892724826
2022-08-09,52.58402003241308
2022-08-10,51.14110750780066
2022-08-11,52.39156352128689
2022-08-12,52.698635326881494
2022-08-13,51.67952954334006
2022-08-14,51.96466892915381
2022-08-15,51.81396859556049
2022-08-16,54.39356398890647
2022-08-17,55.32965703099896
2022-08-18,53.096958028968615
2022-08-19,55.88469727363414
2022-08-20,52.332184419630316
2022-08-21,51.66705507350472
2022-08-22,52.84435823689674
2022-08-23,55.46506100148495
2022-08-24,52.14092714710964
2022-08-25,53.690820085674225
2022-08-26,53.54379789032337
2022-08-27,54.54638660267142
2022-08-28,53.987449246199205
2022-08-29,54.19707011995553
2022-08-30,56.50103975521473
2022-08-31,55.54855162001529
2022-09-01,56.26955466764385
2022-09-02,56.69797309336944
2022-09-03,55.84533834719038
2022-09-04,58.101537380800735
2022-09-05,55.130556833798636
2022-09-06,56.0767883059277
2022-09-07,53.933515425103714
2022-09-08,56.96763436167256
2022-09-09,57.36610527616715
2022-09-10,58.75497483626555
2022-09-11,55.3121938487901
2022-09-12,55.48294646616005
2022-09-13,54.73117765061632
2022-09-14,55.11870043311788
2022-09-15,58.04708963859587
2022-09-16,57.67148466065986
2022-09-17,58.843706969526195
2022-09-18,55.53899279178319
2022-09-19,56.55740487805605
2022-09-20,59.59154373380987
2022-09-21,55.16146856045698
2022-09-22,58.06346157138684
2022-09-23,55.867740537783256
2022-09-24,55.85915546282674
2022-09-25,55.66528069036958
2022-09-26,55.63691000698403
2022-09-27,57.08719153773527
2022-09-28,55.25681632475398
2022-09-29,57.671434970456815
2022-09-30,58.70554861486381
2022-10-01,58.6505049948108
2022-10-02,57.00331454304135
2022-10-03,57.949711922373126
2022-10-04,59.17629615794031
2022-10-05,59.12994498492068
2022-10-06,58.79617947229241
2022-10-07,55.616263872366346
2022-10-08,58.84612868589425
2022-10-09,55.92184577014675
2022-10-10,57.59456049699533
2022-10-11,58.69707578772784
2022-10-12,55.66433712821659
2022-10-13,59.372067367283066
2022-10-14,58.45087324359714
2022-10-15,59.24138017634094
2022-10-16,54.688760547969444
2022-10-17,55.32686647857244
2022-10-18,56.11017603003043
2022-10-19,57.11149534217324
2022-10-20,57.10601087129841
2022-10-21,56.8260810245768
2022-10-22,58.87957158685292
2022-10-23,57.614225266206525
2022-10-24,58.54584394476585
2022-10-25,58.181534244558804
2022-10-26,56.043198554681545
2022-10-27,53.84770846761631
2022-10-28,56.603726408373646
2022-10-29,56.851861992214864
2022-10-30,54.79115833345165
2022-10-31,55.661938195699626
2022-11-01,55.45142239209219
2022-11-02,56.55898713233977
2022-11-03,53.61137816401838
2022-11-04,53.628906607638676
2022-11-05,55.44733251304131
2022-11-06,54.53344798406152
2022-11-07,56.73826545266784
2022-11-08,55.342979942320625
2022-11-09,54.16721876497763
2022-11-10,53.15273430907893
2022-11-11,52.95091282589579
2022-11-12,55.61440142825436
2022-11-13,51.486061578901456
2022-11-14,50.89455339619843
2022-11-15,51.33637897851301
2022-11-16,53.30186959270763
2022-11-17,53.70915335824227
2022-11-18,54.28008104633423
2022-11-19,49.85195558310061
2022-11-20,49.70975485968555
2022-11-21,49.37920918824233
2022-11-22,52.58422661493668
2022-11-23,50.23772532982297
2022-11-24,53.454872164577
2022-11-25,50.106231777834566
2022-11-26,51.28333201120239
2022-11-27,48.590951263429645
2022-11-28,51.550712794378484
2022-11-29,51.702529905563516
2022-11-30,51.36607410742011
2022-12-01,48.79371946693452
2022-12-02,49.17648278006239
2022-12-03,49.39797886387516
2022-12-04,47.21825358321257
2022-12-05,46.51848785419583
2022-12-06,47.925384759075236
2022-12-07,46.90910968358193
2022-12-08,46.94334739553177
2022-12-09,46.43850399494733
2022-12-10,49.736238209484746
2022-12-11,46.21004178840241
2022-12-12,45.472284503175196
2022-12-13,48.0179944864295
2022-12-14,45.380309262889135
2022-12-15,44.59771307311121
2022-12-16,46.963469953652066
2022-12-17,47.846362352527365
2022-12-18,44.91724326654114
2022-12-19,43.77550172547773
2022-12-20,44.090152317257555
2022-12-21,47.110708149089675
2022-12-22,44.52599715999754
2022-12-23,45.30536362899682
2022-12-24,44.356264368279426
2022-12-25,44.231175249291866
2022-12-26,43.43345305187874
2022-12-27,43.76525529294356
2022-12-28,43.19923716612759
2022-12-29,40.945341873218254
2022-12-30,41.52161589753966
2022-12-31,41.50799248877041
